<?xml version="1.0" encoding="UTF-8" standalone="yes"?><response><header><resultCode>00</resultCode><resultMsg>NORMAL SERVICE.</resultMsg></header><body><items><item><orgCd>6110000</orgCd><orgdownNm>서울특별시</orgdownNm></item><item><orgCd>6260000</orgCd><orgdownNm>부산광역시</orgdownNm></item><item><orgCd>6270000</orgCd><orgdownNm>대구광역시</orgdownNm></item><item><orgCd>6280000</orgCd><orgdownNm>인천광역시</orgdownNm></item><item><orgCd>6290000</orgCd><orgdownNm>광주광역시</orgdownNm></item><item><orgCd>5690000</orgCd><orgdownNm>세종특별자치시</orgdownNm></item><item><orgCd>6300000</orgCd><orgdownNm>대전광역시</orgdownNm></item><item><orgCd>6310000</orgCd><orgdownNm>울산광역시</orgdownNm></item><item><orgCd>6410000</orgCd><orgdownNm>경기도</orgdownNm></item><item><orgCd>6420000</orgCd><orgdownNm>강원도</orgdownNm></item><item><orgCd>6430000</orgCd><orgdownNm>충청북도</orgdownNm></item><item><orgCd>6440000</orgCd><orgdownNm>충청남도</orgdownNm></item><item><orgCd>6450000</orgCd><orgdownNm>전라북도</orgdownNm></item><item><orgCd>6460000</orgCd><orgdownNm>전라남도</orgdownNm></item><item><orgCd>6470000</orgCd><orgdownNm>경상북도</orgdownNm></item><item><orgCd>6480000</orgCd><orgdownNm>경상남도</orgdownNm></item><item><orgCd>6500000</orgCd><orgdownNm>제주특별자치도</orgdownNm></item></items></body></response>
